Episode,Step,Balance,Num_Trades,Realized_PnL,Green_Up_PnL,Commission_Paid,Commission_Rate,No_Trade_Streak,No_Trade_Penalty,Had_Trades,Max_Drawdown,MTM_Reward,Sharpe_Reward,Depth_Violations,Volatility_Violations,Stale_Market_Violations,Suspended_Violations
1,508,1010.3402,22,10.34021,0.0,0.0,0.05,0,0.0,True,-1.034021,-0.025735943,-20.098361290991306,8,45,35,1
2,1064,1002.9014,20,2.9014282,0.0,0.0,0.05,0,0.0,True,-0.2901428,-0.02374719,-17.264915349038,15,94,128,1
3,1598,981.9893,15,-18.010681,0.0,0.0,0.05,0,0.0,True,1.8010682,-0.05571986,-17.682104349136353,17,232,543,0
4,2102,1020.7178,26,20.717773,0.0,0.0,0.05,0,0.0,True,-2.0717773,-0.021388983,-21.344632118940353,14,40,0,1
5,2681,1000.4564,17,0.4564209,0.0,0.0,0.05,0,0.0,True,-0.04564209,-0.08644908,-15.207462459802628,19,104,1874,1
6,3252,1020.7167,17,20.716675,0.0,0.0,0.05,0,0.0,True,-2.0716674,-0.015139097,-22.218370018155156,19,75,449,0
7,3793,934.5036,7,-65.4964,0.0,0.0,0.05,0,0.0,True,6.54964,-0.06028343,-11.347371369600296,3,101,1627,1
8,4350,985.7585,27,-14.241516,0.0,0.0,0.05,0,0.0,True,1.4241515,-0.20238589,-18.436377942562103,6,218,2240,0
9,4891,954.2482,42,-45.75177,0.0,0.0,0.05,0,0.0,True,4.5751767,-0.21067399,-28.479684308171272,21,42,503,0
10,5397,984.31305,28,-15.686951,0.0,0.0,0.05,0,0.0,True,1.5686952,-0.035994813,-15.742041744291782,32,67,940,0
11,5904,1000.0,13,0.0,0.0,0.0,0.05,0,0.0,True,0.0,-0.5962409,-11.985081747174263,5,195,2804,1
12,6134,987.9964,22,-12.003601,0.0,0.0,0.05,0,0.0,True,1.2003602,-0.019641045,-19.665193421908185,43,13,231,1
13,6416,992.20966,23,-7.790344,0.0,0.0,0.05,0,0.0,True,0.77903444,-0.032185502,-22.723790176212788,22,79,180,1
14,8294,987.1025,12,-12.897522,0.0,0.0,0.05,0,0.0,True,1.2897522,-0.014854599,-15.388597704470158,16,80,8150,1
15,8813,999.8442,30,-0.15582275,0.0,0.0,0.05,0,0.0,True,0.015582276,-0.026528727,-25.086471624672413,10,44,141,1
16,9247,943.33636,18,-56.663635,0.0,0.0,0.05,0,0.0,True,5.6663637,-0.28138644,-16.763163954019547,9,115,942,0
17,11293,984.6499,32,-15.350098,0.0,0.0,0.05,0,0.0,True,1.5350097,-0.18019386,-24.09771579504013,27,185,5845,0
18,14526,749.8168,47,-250.18323,0.0,0.0,0.05,0,0.0,True,25.018322,-1.5387156,-28.8086142167449,8,92,23908,0
19,15071,979.2867,80,-20.713318,0.0,0.0,0.05,0,0.0,True,2.0713317,-0.06661049,-29.30914155393839,34,178,1723,1
20,15656,1163.7339,113,163.73389,0.0,0.0,0.05,0,0.0,True,-16.373388,-0.1008656,-57.24071231484413,91,74,909,1
21,16198,941.0399,312,-58.960083,0.0,0.0,0.05,0,0.0,True,5.8960085,-0.41952157,-88.24178662151098,18,148,1091,1
22,16713,1017.72784,34,17.727844,0.0,0.0,0.05,0,0.0,True,-1.7727845,-0.021295417,-25.965219646692276,13,61,144,1
23,17217,1009.79474,118,9.794739,0.0,0.0,0.05,0,0.0,True,-0.9794739,-0.085795514,-54.88781000673771,15,137,1398,0
24,17788,1020.0506,85,20.050598,0.0,0.0,0.05,0,0.0,True,-2.0050597,-0.08578181,-36.375924937427044,14,116,509,0
25,17861,1003.82587,21,3.8258667,0.0,0.0,0.05,0,0.0,True,-0.38258666,-0.04716274,-17.51388795440853,67,42,0,0
26,18377,995.43475,11,-4.5652466,0.0,0.0,0.05,0,0.0,True,0.45652464,-0.0141371135,-15.265358336269855,13,116,249,1
27,18378,1000.0,0,0.0,0.0,0.0,0.05,1,-0.5,False,0.0,0.0,0.0,0,0,0,0
28,18918,1012.1322,44,12.132202,0.0,0.0,0.05,0,0.0,True,-1.2132202,-0.0889046,-36.25986471772194,42,81,1537,0
29,19453,888.65656,230,-111.343445,0.0,0.0,0.05,0,0.0,True,11.134344,-0.19625695,-81.4807090908289,18,197,1454,0
30,19823,960.6234,69,-39.376587,0.0,0.0,0.05,0,0.0,True,3.9376588,-0.12115547,-31.6853199750185,25,50,1881,1
31,20345,922.664,203,-77.336,0.0,0.0,0.05,0,0.0,True,7.7335997,-0.3534597,-45.68859884142876,38,258,1803,1
32,20855,978.19836,26,-21.801636,0.0,0.0,0.05,0,0.0,True,2.1801636,-0.029116075,-19.813894368708134,13,144,1171,1
33,21350,951.7283,69,-48.27173,0.0,0.0,0.05,0,0.0,True,4.8271728,-0.42781094,-24.044677034020424,33,94,3894,1
34,21862,985.018,47,-14.981995,0.0,0.0,0.05,0,0.0,True,1.4981995,-0.049904898,-31.95826256275177,70,12,111,0
35,22362,895.42316,182,-104.57684,0.0,0.0,0.05,0,0.0,True,10.4576845,-1.4675164,-61.34865711629391,0,148,1348,1
36,22997,980.24243,22,-19.757568,0.0,0.0,0.05,0,0.0,True,1.9757569,-0.061545342,-22.222114647044247,36,98,2096,1
37,23523,736.57214,151,-263.42786,0.0,0.0,0.05,0,0.0,True,26.342785,-0.8138759,-44.7741392031312,6,96,3415,0
38,24084,943.23193,204,-56.768066,0.0,0.0,0.05,0,0.0,True,5.676807,-0.121194385,-70.77237845212221,20,89,898,0
39,24630,932.81726,149,-67.18274,0.0,0.0,0.05,0,0.0,True,6.718274,-0.18461494,-32.67544399946928,12,78,3237,1
40,25185,780.25494,189,-219.74506,0.0,0.0,0.05,0,0.0,True,21.974506,-0.7440428,-58.76899490505457,13,158,2251,0
41,25696,1006.5772,31,6.5772095,0.0,0.0,0.05,0,0.0,True,-0.657721,-0.027605133,-22.60442855209112,19,102,324,0
42,26224,1000.0,13,0.0,0.0,0.0,0.05,0,0.0,True,0.0,-0.20768097,-15.221749212381285,13,170,4533,1
43,26745,960.9554,46,-39.044617,0.0,0.0,0.05,0,0.0,True,3.9044614,-0.07822483,-37.858703458818376,29,230,247,0
44,27254,988.5052,48,-11.494812,0.0,0.0,0.05,0,0.0,True,1.1494812,-0.092737764,-30.623439274728298,30,163,1777,0
45,27792,995.1803,13,-4.819702,0.0,0.0,0.05,0,0.0,True,0.48197025,-0.010591852,-21.592636473476887,23,84,47,1
46,28316,961.1383,307,-38.861694,0.0,0.0,0.05,0,0.0,True,3.8861697,-1.7328787,-104.53416887670755,4,140,3566,1
47,28916,1018.0475,162,18.047485,0.0,0.0,0.05,0,0.0,True,-1.8047485,-0.036473356,-51.700009018182755,14,130,417,1
48,29445,983.519,29,-16.481018,0.0,0.0,0.05,0,0.0,True,1.6481018,-0.015801974,-29.821683198213577,27,77,165,0
49,29987,976.1606,18,-23.839417,0.0,0.0,0.05,0,0.0,True,2.3839417,-0.0512405,-19.12253915107603,61,133,1137,1
50,30305,699.51276,29,-300.48724,0.0,0.0,0.05,0,0.0,True,30.048725,-0.22375855,-38.549533151883935,169,35,56,1
51,30844,993.6651,12,-6.3349,0.0,0.0,0.05,0,0.0,True,0.63348997,-0.07818804,-16.327139729348403,6,108,1803,0
52,30974,987.7687,78,-12.231323,0.0,0.0,0.05,0,0.0,True,1.2231323,-0.11086801,-32.56661754846573,26,13,450,1
53,31497,997.21674,13,-2.7832642,0.0,0.0,0.05,0,0.0,True,0.27832642,-0.008233607,-20.852203086018562,34,129,853,0
54,31972,947.82434,26,-52.17566,0.0,0.0,0.05,0,0.0,True,5.217566,-0.20372942,-23.703984312713146,12,109,827,1
55,32517,957.0329,16,-42.967102,0.0,0.0,0.05,0,0.0,True,4.2967105,-0.083676785,-19.93597934395075,15,119,756,1
56,35757,914.2731,14,-85.72693,0.0,0.0,0.05,0,0.0,True,8.572693,-0.5498438,-23.642551727592945,22,106,25316,0
57,36298,996.57184,15,-3.4281616,0.0,0.0,0.05,0,0.0,True,0.34281617,-0.011694589,-20.381021536886692,39,125,606,1
58,36809,997.127,31,-2.8729858,0.0,0.0,0.05,0,0.0,True,0.2872986,-0.034911472,-23.024524874985218,9,134,189,1
59,39165,975.1953,296,-24.804688,0.0,0.0,0.05,0,0.0,True,2.4804688,-0.103779025,-56.23868811875582,1,117,4044,1
60,39724,994.4052,30,-5.5947876,0.0,0.0,0.05,0,0.0,True,0.55947876,-0.22158709,-26.396375106292904,69,105,1390,1
61,40247,1041.186,294,41.186035,0.0,0.0,0.05,0,0.0,True,-4.1186037,-0.07297419,-100.87981520593166,24,77,323,0
62,40794,976.55273,18,-23.447266,0.0,0.0,0.05,0,0.0,True,2.3447266,-0.06615331,-23.46828481554985,18,103,1609,0
63,41311,878.5747,18,-121.42529,0.0,0.0,0.05,0,0.0,True,12.1425295,-0.04929463,-19.942169174551964,22,168,1074,0
64,42334,913.3837,32,-86.61627,0.0,0.0,0.05,0,0.0,True,8.661627,-0.13736641,-26.605849869549274,28,62,5287,0
65,42853,885.45123,172,-114.54877,0.0,0.0,0.05,0,0.0,True,11.454877,-0.6490749,-44.163637802004814,21,115,1885,1
66,43388,781.1466,163,-218.8534,0.0,0.0,0.05,0,0.0,True,21.88534,-0.77039844,-39.41390885412693,18,259,1209,0
67,43937,997.45154,27,-2.548462,0.0,0.0,0.05,0,0.0,True,0.25484622,-0.04633418,-32.27579428255558,67,49,874,1
68,44493,884.6136,109,-115.38641,0.0,0.0,0.05,0,0.0,True,11.538641,-0.2126339,-37.14659094810486,34,165,1212,0
69,45217,867.71423,23,-132.28577,0.0,0.0,0.05,0,0.0,True,13.228578,-0.1942095,-23.601572170853615,19,108,512,0
70,45759,994.21985,12,-5.7801514,0.0,0.0,0.05,0,0.0,True,0.57801515,-0.0651988,-22.064746893942356,23,116,756,0
71,46259,999.1321,45,-0.8679199,0.0,0.0,0.05,0,0.0,True,0.08679199,-1.0029343,-34.389069236814976,9,148,1351,1
72,46306,984.7195,102,-15.280518,0.0,0.0,0.05,0,0.0,True,1.5280517,-0.11949103,-16.402115374803543,11,1,0,1
73,46844,990.963,60,-9.036987,0.0,0.0,0.05,0,0.0,True,0.9036987,-0.088463485,-37.54420530050993,21,84,46,1
74,47355,984.99634,19,-15.003662,0.0,0.0,0.05,0,0.0,True,1.5003662,-0.22633499,-20.883890733122826,13,181,382,0
75,47974,998.2212,17,-1.7788086,0.0,0.0,0.05,0,0.0,True,0.17788085,-0.012724221,-22.883723319051214,67,117,694,1
76,48517,971.79956,11,-28.20044,0.0,0.0,0.05,0,0.0,True,2.820044,-0.030390449,-15.275863863527775,9,113,1734,1
77,49054,998.546,14,-1.4539795,0.0,0.0,0.05,0,0.0,True,0.14539795,-0.008347211,-24.381546287334075,25,191,702,1
78,49622,1000.0,35,0.0,0.0,0.0,0.05,0,0.0,True,0.0,-1.5684936,-18.466124556958675,9,183,1531,1
79,50198,991.9259,55,-8.074097,0.0,0.0,0.05,0,0.0,True,0.80740964,-0.04853384,-26.07811639457941,49,28,531,0
80,50713,1008.0697,37,8.069702,0.0,0.0,0.05,0,0.0,True,-0.80697024,-0.028824354,-41.00122758746147,60,45,1252,1
81,51253,968.82654,15,-31.173462,0.0,0.0,0.05,0,0.0,True,3.1173463,-0.06871642,-20.434194520115852,21,106,597,1
82,51858,999.2843496364155,13,-0.7156503635844729,0.0,0.0,0.05,0,0.0,True,0.07156503635844728,-0.009853784634382192,-20.981923665732687,35,219,1712,1
83,52450,974.8436,57,-25.156372,0.0,0.0,0.05,0,0.0,True,2.5156372,-0.066817135,-29.62212312221527,16,168,403,0
84,52564,935.8999,76,-64.1001,0.0,0.0,0.05,0,0.0,True,6.4100094,-0.08245792,-35.50867557525635,13,69,0,0
85,53107,1003.51624,30,3.5162354,0.0,0.0,0.05,0,0.0,True,-0.35162354,-0.11762699,-18.602938517928123,9,42,184,1
86,53624,1007.47723,20,7.477234,0.0,0.0,0.05,0,0.0,True,-0.7477234,-0.024832785,-19.273160465061665,19,86,363,0
87,54161,894.6985,99,-105.30151,0.0,0.0,0.05,0,0.0,True,10.530151,-0.86115706,-41.06981281936169,19,153,1086,0
88,54679,915.65076,285,-84.34924,0.0,0.0,0.05,0,0.0,True,8.434924,-0.10587683,-39.00885866582394,1,220,31,0
89,55190,1000.0,222,0.0,0.0,0.0,0.05,0,0.0,True,0.0,-2.6309214,-59.00753059389744,12,44,4692,1
90,55742,986.2009,34,-13.799072,0.0,0.0,0.05,0,0.0,True,1.3799073,-0.043241095,-34.108243852853775,57,242,1046,1
91,56252,1006.95984,14,6.959839,0.0,0.0,0.05,0,0.0,True,-0.6959839,-0.026359277,-18.642553949389093,16,69,477,0
92,56900,936.0243,53,-63.975708,0.0,0.0,0.05,0,0.0,True,6.3975706,-0.22897321,-22.151030495762825,20,105,437,0
93,57437,1037.2953,12,37.295288,0.0,0.0,0.05,0,0.0,True,-3.729529,-0.15591055,-14.533134691417217,12,82,2865,1
94,57986,980.2455,19,-19.754517,0.0,0.0,0.05,0,0.0,True,1.9754516,-0.12300357,-23.76647546779314,19,79,2042,0
95,58443,914.3203,32,-85.67969,0.0,0.0,0.05,0,0.0,True,8.567968,-0.14820978,-25.702147461473942,12,122,513,0
96,59030,996.0111,14,-3.9888916,0.0,0.0,0.05,0,0.0,True,0.39888912,-0.05625545,-24.155131381348934,115,48,152,1
97,59568,970.1491,15,-29.850891,0.0,0.0,0.05,0,0.0,True,2.985089,-0.031401638,-19.864439365341582,17,123,815,1
98,60087,1000.06525,14,0.06524658,0.0,0.0,0.05,0,0.0,True,-0.0065246583,-0.023505453,-21.697808161377907,26,84,2045,0
99,60619,999.35815,21,-0.6418457,0.0,0.0,0.05,0,0.0,True,0.06418457,-0.056177285,-27.765672139823437,42,65,1334,0
100,61368,622.82227,39,-377.17773,0.0,0.0,0.05,0,0.0,True,37.717773,-0.2374842,-50.1812547900437,538,107,642,0
101,62053,916.8596201202892,6,-83.14037987971085,0.0,0.0,0.05,0,0.0,True,8.314037987971085,-0.21258743263634197,-11.347371331114863,4,165,2884,0
102,62620,707.6812,102,-292.3188,0.0,0.0,0.05,0,0.0,True,29.231878,-0.7765406,-38.099719524383545,5,42,431,0
103,63130,922.5787,33,-77.421326,0.0,0.0,0.05,0,0.0,True,7.742132,-0.19393519,-26.02003698796034,26,68,680,1
104,65206,970.2818678289714,6,-29.71813217102863,0.0,0.0,0.05,0,0.0,True,2.971813217102863,-0.1153461590267267,-11.347371331114864,5,29,20762,1
105,65716,932.6022,73,-67.39783,0.0,0.0,0.05,0,0.0,True,6.7397823,-0.04378878,-26.406366229057312,5,10,0,1
106,66281,1006.6985,14,6.6984863,0.0,0.0,0.05,0,0.0,True,-0.6698486,-0.010099456,-27.461007956818413,28,48,745,0
107,66792,965.92847,19,-34.071533,0.0,0.0,0.05,0,0.0,True,3.4071536,-0.2554624,-21.56533621996641,20,33,2865,1
108,67353,967.3456,41,-32.65442,0.0,0.0,0.05,0,0.0,True,3.265442,-0.063898236,-23.51965730637312,17,107,1472,0
109,67878,996.0616,15,-3.9384155,0.0,0.0,0.05,0,0.0,True,0.39384156,-0.05370526,-23.491141363978386,21,61,815,0
110,68396,875.1432,33,-124.85681,0.0,0.0,0.05,0,0.0,True,12.485682,-0.951943,-33.68719944371291,37,84,705,1
111,68921,1003.5288,21,3.5288086,0.0,0.0,0.05,0,0.0,True,-0.35288087,-0.040362682,-20.409155882894993,29,57,1315,0
112,69440,1000.0,74,0.0,0.0,0.0,0.05,0,0.0,True,0.0,-1.0619136,-30.96707408130169,8,76,2369,1
113,70034,1026.0117,18,26.011719,0.0,0.0,0.05,0,0.0,True,-2.6011717,-0.024034165,-19.527740217745304,5,57,87,0
114,70530,1046.6886,28,46.6886,0.0,0.0,0.05,0,0.0,True,-4.66886,-0.26573554,-31.299417345286688,144,70,788,0
115,71095,961.37286,5,-38.627136,0.0,0.0,0.05,0,0.0,True,3.8627136,-0.11939317,-11.347371444106102,5,111,1620,1
116,71622,936.8378,13,-63.16217,0.0,0.0,0.05,0,0.0,True,6.316217,-0.19031999,-12.770066067576408,17,93,2977,0
117,72178,917.74194,366,-82.25806,0.0,0.0,0.05,0,0.0,True,8.225805,-0.32292166,-78.05217571556568,7,153,389,1
118,72744,980.57007,20,-19.429932,0.0,0.0,0.05,0,0.0,True,1.9429932,-0.15288079,-19.77982273697853,16,199,1084,0
119,73397,994.8367,11,-5.16333,0.0,0.0,0.05,0,0.0,True,0.516333,-0.019009823,-15.73504664003849,13,113,1985,0
120,73947,975.5722,41,-24.427795,0.0,0.0,0.05,0,0.0,True,2.4427795,-0.20375086,-31.743268817663193,67,87,1067,0
121,74448,999.1095,17,-0.8905029,0.0,0.0,0.05,0,0.0,True,0.08905029,-0.052324288,-24.38954978739927,51,41,1146,0
122,75149,990.9172,28,-9.082825,0.0,0.0,0.05,0,0.0,True,0.9082825,-0.04759127,-43.23390386253595,69,55,1241,0
123,75677,924.5112,204,-75.48877,0.0,0.0,0.05,0,0.0,True,7.548877,-0.089964464,-95.83513972908258,6,50,229,0
124,76205,999.77057,13,-0.22943115,0.0,0.0,0.05,0,0.0,True,0.022943115,-0.0055415835,-29.429733152013824,46,72,400,0
125,76702,837.6176,160,-162.38239,0.0,0.0,0.05,0,0.0,True,16.238237,-1.1412714,-70.31479288637638,13,1,3129,1
126,77234,992.45447,22,-7.545532,0.0,0.0,0.05,0,0.0,True,0.7545532,-0.03656494,-19.604691170156002,44,65,1868,0
127,77653,995.8391,16,-4.1608887,0.0,0.0,0.05,0,0.0,True,0.41608885,-0.013203211,-22.407836481928825,55,34,0,0
128,78175,962.9724,9,-37.027588,0.0,0.0,0.05,0,0.0,True,3.7027586,-0.012428662,-16.160532711493847,20,57,136,0
129,78692,957.6326,53,-42.36737,0.0,0.0,0.05,0,0.0,True,4.236737,-0.15452896,-18.83763676136732,17,170,1070,0
130,79196,969.39264,7,-30.60736,0.0,0.0,0.05,0,0.0,True,3.0607362,-0.038588677,-11.347371406853199,0,42,0,1
131,79719,999.79224,17,-0.20776367,0.0,0.0,0.05,0,0.0,True,0.020776367,-0.030987818,-31.603999500326545,40,20,82,0
132,80255,958.38495,38,-41.61505,0.0,0.0,0.05,0,0.0,True,4.161505,-0.46229646,-32.885639913380146,250,56,48,0
133,80831,983.40485,14,-16.595154,0.0,0.0,0.05,0,0.0,True,1.6595153,-0.014631683,-19.550097458064556,55,28,522,0
134,81432,997.73413,20,-2.2658691,0.0,0.0,0.05,0,0.0,True,0.22658692,-0.028501645,-19.61491695791483,7,25,55,1
135,81957,981.7959,68,-18.204102,0.0,0.0,0.05,0,0.0,True,1.8204103,-0.10760738,-41.75431217588489,84,36,637,1
136,82477,891.6312,203,-108.368774,0.0,0.0,0.05,0,0.0,True,10.836878,-0.17574537,-103.72430167347193,30,90,159,0
137,83025,967.11414,15,-32.885864,0.0,0.0,0.05,0,0.0,True,3.2885864,-0.07964103,-19.97650595009327,18,92,1025,0
138,83568,999.50006,18,-0.49993896,0.0,0.0,0.05,0,0.0,True,0.049993895,-0.01910478,-28.280517555773258,44,99,595,0
139,84077,1003.56146,12,3.5614624,0.0,0.0,0.05,0,0.0,True,-0.35614625,-0.013720177,-16.91778314858675,20,94,1325,1
140,84609,958.32227,15,-41.677734,0.0,0.0,0.05,0,0.0,True,4.1677737,-0.08475825,-23.09723517458303,26,74,917,0
141,85138,1008.4778,24,8.477783,0.0,0.0,0.05,0,0.0,True,-0.84777826,-0.023994673,-21.10835062212496,24,40,17,0
142,85675,495.26016,22,-504.73984,0.0,0.0,0.05,0,0.0,True,50.473984,-0.113811344,-34.66818194039982,74,75,1022,0
143,86214,998.4721899792199,5,-1.5278100207800662,0.0,0.0,0.05,0,0.0,True,0.1527810020780066,-0.08757279,-11.347371391952038,5,143,2573,0
144,86722,1003.91455,11,3.9145508,0.0,0.0,0.05,0,0.0,True,-0.39145508,-0.08543166,-16.19480487704277,7,103,2083,0
145,87241,994.81866,15,-5.1813354,0.0,0.0,0.05,0,0.0,True,0.5181335,-0.012467106,-28.176291458308697,74,51,783,1
146,87719,1003.3313,21,3.3312988,0.0,0.0,0.05,0,0.0,True,-0.33312988,-0.020516565,-23.765689394228026,76,53,1731,1
147,88263,989.77545,16,-10.224548,0.0,0.0,0.05,0,0.0,True,1.0224549,-0.030928744,-21.590016248191446,150,186,511,1
148,88788,930.0856,104,-69.91443,0.0,0.0,0.05,0,0.0,True,6.991443,-0.12647654,-68.02120903134346,13,8,453,0
149,89300,983.9778,15,-16.022217,0.0,0.0,0.05,0,0.0,True,1.6022216,-0.013659516,-27.56301076710224,33,52,45,0
150,89879,996.2047,10,-3.795288,0.0,0.0,0.05,0,0.0,True,0.3795288,-0.06867313,-19.701199564862716,26,102,1832,1
151,90421,1019.2536,163,19.253601,0.0,0.0,0.05,0,0.0,True,-1.9253601,-0.23952782,-66.8712656301451,33,209,954,0
152,90948,956.4652,13,-43.53479,0.0,0.0,0.05,0,0.0,True,4.353479,-0.1386716,-16.94816170770876,29,99,2021,0
153,91515,986.50116,14,-13.49884,0.0,0.0,0.05,0,0.0,True,1.349884,-0.03427338,-17.096692445779087,10,33,1520,1
154,92096,990.5869,14,-9.413086,0.0,0.0,0.05,0,0.0,True,0.9413086,-0.021244213,-22.2528894948899,67,28,291,1
155,92637,1000.2106,9,0.21057129,0.0,0.0,0.05,0,0.0,True,-0.021057129,-0.028320773,-16.490878212603462,18,312,1329,0
156,93154,980.30194,45,-19.69806,0.0,0.0,0.05,0,0.0,True,1.969806,-0.078196116,-25.051187604665756,33,82,767,1
157,94122,804.01483,326,-195.98517,0.0,0.0,0.05,0,0.0,True,19.598516,-0.5204822,-160.35192685574293,55,137,4169,0
158,94663,788.30273,32,-211.69727,0.0,0.0,0.05,0,0.0,True,21.169727,-0.27485898,-30.5516167362685,17,60,349,0
159,95206,972.8696,8,-27.130371,0.0,0.0,0.05,0,0.0,True,2.713037,-0.06565123,-16.246229542152463,16,107,1358,0
160,95782,996.2084,6,-3.791626,0.0,0.0,0.05,0,0.0,True,0.3791626,-0.029230699,-11.347371228039265,4,28,529,0
161,96286,835.54156,34,-164.45844,0.0,0.0,0.05,0,0.0,True,16.445845,-0.4350986,-46.441511161625385,44,60,292,1
162,96845,993.7747,23,-6.225281,0.0,0.0,0.05,0,0.0,True,0.6225281,-0.030551102,-18.3171581402421,19,110,803,0
163,97355,996.3924,15,-3.607605,0.0,0.0,0.05,0,0.0,True,0.36076048,-0.026008725,-23.757768735289574,36,42,80,0
164,97896,974.1004,14,-25.899597,0.0,0.0,0.05,0,0.0,True,2.5899596,-0.04720895,-18.884372896970824,30,148,1999,1
165,98406,984.869,17,-15.130981,0.0,0.0,0.05,0,0.0,True,1.5130982,-0.022919951,-21.89721019735035,111,11,3,1
166,98937,954.2490564994678,5,-45.75094350053223,0.0,0.0,0.05,0,0.0,True,4.575094350053223,-0.081358805,-11.34737136364759,6,148,2169,0
167,99444,1068.9554,119,68.955444,0.0,0.0,0.05,0,0.0,True,-6.8955445,-0.10302358,-68.55077315866947,27,37,6,1
168,99995,862.6154,19,-137.38458,0.0,0.0,0.05,0,0.0,True,13.738458,-0.50121284,-12.809836827218533,10,148,3430,0
169,100519,951.3784,6,-48.621582,0.0,0.0,0.05,0,0.0,True,4.8621583,-0.05165893,-11.347371317446232,2,15,0,1
170,101038,996.4459,19,-3.5540771,0.0,0.0,0.05,0,0.0,True,0.3554077,-0.026596315,-22.073021478950977,20,48,536,0
171,101061,1000.0,0,0.0,0.0,0.0,0.05,1,-0.5,False,0.0,0.0,0.0,0,0,0,23
172,101588,1002.402,31,2.4019775,0.0,0.0,0.05,0,0.0,True,-0.24019775,-0.059112538,-26.276775009930134,20,70,1430,1
173,102217,973.8775272922264,8,-26.122472707773568,0.0,0.0,0.05,0,0.0,True,2.6122472707773565,-0.044238055974947586,-15.026406950952964,9,98,1784,1
174,102736,986.17426,23,-13.825745,0.0,0.0,0.05,0,0.0,True,1.3825744,-0.09352845,-32.589527525007725,32,21,1134,0
175,103266,925.124,111,-74.87598,0.0,0.0,0.05,0,0.0,True,7.4875975,-0.5461771,-46.62014139267855,124,54,344,1
176,103799,994.5582,57,-5.4417725,0.0,0.0,0.05,0,0.0,True,0.54417723,-0.109842815,-38.92725908011198,25,124,545,0
177,104403,949.3259,44,-50.674072,0.0,0.0,0.05,0,0.0,True,5.067407,-0.25657284,-30.27219119668007,21,74,1360,0
178,104912,985.29706,9,-14.702942,0.0,0.0,0.05,0,0.0,True,1.4702942,-0.10888442,-12.477861106395721,9,125,1536,0
179,105439,947.13715,11,-52.862854,0.0,0.0,0.05,0,0.0,True,5.2862854,-0.19884306,-12.928774073316541,13,74,952,1
180,105978,999.7570859078403,7,-0.24291409215970816,0.0,0.0,0.05,0,0.0,True,0.024291409215970818,-0.011000283,-11.347371334744341,3,124,2835,0
181,106514,927.8956,190,-72.10437,0.0,0.0,0.05,0,0.0,True,7.2104373,-0.2559195,-75.28906694054604,31,55,906,1
182,107070,983.2547,11,-16.7453,0.0,0.0,0.05,0,0.0,True,1.6745301,-0.05980757,-19.795640400643208,71,107,3149,1
183,107628,951.0542,44,-48.9458,0.0,0.0,0.05,0,0.0,True,4.89458,-0.12742773,-24.22954038530588,17,136,333,1
184,108157,1002.7267,16,2.7266846,0.0,0.0,0.05,0,0.0,True,-0.27266845,-0.028462019,-24.575124162749432,51,80,1113,0
185,108680,1007.9871,24,7.9871216,0.0,0.0,0.05,0,0.0,True,-0.79871213,-0.032301057,-27.84883836656809,17,13,38,1
186,108901,986.19696,30,-13.80304,0.0,0.0,0.05,0,0.0,True,1.380304,-0.043697804,-24.50299796139144,14,8,5,1
187,109425,979.8234084031635,9,-20.176591596836488,0.0,0.0,0.05,0,0.0,True,2.0176591596836486,-0.01278086750541031,-14.566480097015983,18,15,0,1
188,109926,1023.0352,12,23.035217,0.0,0.0,0.05,0,0.0,True,-2.3035216,-0.08794112,-23.8393469648436,46,40,2653,0
189,110603,972.2405,312,-27.759521,0.0,0.0,0.05,0,0.0,True,2.7759523,-0.19174892,-153.3932830978274,3,51,278,1
190,111132,997.01483,6,-2.9851685,0.0,0.0,0.05,0,0.0,True,0.29851684,-0.020326471,-11.347371324896812,5,119,1884,0
191,111705,815.1702,108,-184.82977,0.0,0.0,0.05,0,0.0,True,18.482977,-0.6916084,-53.50350332963814,19,86,1163,0
192,112204,1020.0751,22,20.075073,0.0,0.0,0.05,0,0.0,True,-2.0075073,-0.10427916,-30.17251347155635,444,34,222,0
193,112744,998.728456805983,10,-1.2715431940169992,0.0,0.0,0.05,0,0.0,True,0.12715431940169994,-0.011197625342597791,-17.600261493797806,17,108,221,0
194,113052,989.7582,15,-10.241821,0.0,0.0,0.05,0,0.0,True,1.0241821,-0.027837276,-19.767012247979032,24,23,875,1
195,113645,997.4648078272829,7,-2.5351921727170748,0.0,0.0,0.05,0,0.0,True,0.2535192172717075,-0.009491617672572688,-11.347371331114863,9,53,83,1
196,114152,993.71875,9,-6.28125,0.0,0.0,0.05,0,0.0,True,0.628125,-0.020562854,-19.085317986449322,109,192,298,0
197,114679,995.0879,15,-4.9121094,0.0,0.0,0.05,0,0.0,True,0.49121097,-0.007983254,-36.04432832431786,179,57,60,1
198,115212,889.9771,182,-110.02289,0.0,0.0,0.05,0,0.0,True,11.002289,-0.3113117,-106.51336325065324,80,107,1108,1
199,115735,1004.84674,11,4.8467407,0.0,0.0,0.05,0,0.0,True,-0.48467404,-0.012212606,-17.73797104328697,41,43,338,1
200,116262,995.6566,28,-4.343384,0.0,0.0,0.05,0,0.0,True,0.4343384,-0.06383383,-27.660010024905205,28,42,928,1
201,116782,1006.99414,20,6.9941406,0.0,0.0,0.05,0,0.0,True,-0.6994141,-0.06925825,-20.51303223206602,42,133,2108,1
202,117356,943.4458,279,-56.5542,0.0,0.0,0.05,0,0.0,True,5.65542,-0.17172113,-119.5868799832322,12,140,938,1
203,117887,868.00793,12,-131.99207,0.0,0.0,0.05,0,0.0,True,13.199207,-0.18970759,-30.469922923309053,286,91,919,1
204,118447,1006.4795,12,6.479492,0.0,0.0,0.05,0,0.0,True,-0.6479492,-0.010702507,-23.876854553326496,61,129,506,1
205,119014,976.2888,139,-23.711182,0.0,0.0,0.05,0,0.0,True,2.3711183,-0.047974687,-45.25891800992133,3,26,377,0
206,119107,970.21265,120,-29.787354,0.0,0.0,0.05,0,0.0,True,2.9787354,-0.119012944,-43.81242236495018,20,0,332,1
207,119743,1005.141,61,5.140991,0.0,0.0,0.05,0,0.0,True,-0.5140991,-0.11049857,-49.519600710493435,31,21,580,0
208,120285,1002.3311,37,2.3311157,0.0,0.0,0.05,0,0.0,True,-0.23311158,-0.026048245,-42.253841400146484,344,25,405,0
209,120830,969.3649,76,-30.63507,0.0,0.0,0.05,0,0.0,True,3.063507,-0.05872108,-34.57527154684067,7,49,83,0
210,121350,930.6639,14,-69.33612,0.0,0.0,0.05,0,0.0,True,6.9336123,-0.15200402,-29.02113719462485,160,46,1678,1
211,121881,850.80505,20,-149.19495,0.0,0.0,0.05,0,0.0,True,14.919494,-0.86237836,-19.119563335411744,399,82,2624,1
212,122416,945.97125,20,-54.028748,0.0,0.0,0.05,0,0.0,True,5.4028745,-0.028900865,-30.82433794438839,66,82,245,0
213,122883,1046.2786,42,46.278564,0.0,0.0,0.05,0,0.0,True,-4.6278567,-0.035821468,-30.363280033152158,18,63,450,1
214,123391,947.5587,133,-52.441284,0.0,0.0,0.05,0,0.0,True,5.244128,-0.13346772,-53.6633708934129,11,47,69,1
215,123950,945.5438,29,-54.456177,0.0,0.0,0.05,0,0.0,True,5.4456177,-0.17594618,-24.779257753965467,24,79,2639,0
216,124474,870.4691020927862,13,-129.53089790721378,0.0,0.0,0.05,0,0.0,True,12.953089790721378,-0.24514643186146998,-16.293234659331997,13,67,3720,1
217,125007,998.1497,65,-1.8502808,0.0,0.0,0.05,0,0.0,True,0.18502808,-0.1947719,-36.17824346572443,14,126,475,0
218,125534,946.853,11,-53.146973,0.0,0.0,0.05,0,0.0,True,5.3146973,-0.114166744,-22.37906808648468,48,128,1491,0
219,125926,1002.5769,15,2.5769043,0.0,0.0,0.05,0,0.0,True,-0.25769043,-0.018248007,-22.39990436285734,29,33,519,1
220,126474,1033.1101,23,33.110107,0.0,0.0,0.05,0,0.0,True,-3.3110108,-0.058184385,-26.74367119882169,309,43,430,0
221,126709,1051.989,60,51.989014,0.0,0.0,0.05,0,0.0,True,-5.1989017,-0.044064794,-25.836541682481766,8,76,369,1
222,127207,942.6162,44,-57.38379,0.0,0.0,0.05,0,0.0,True,5.738379,-0.043179605,-21.549384273588657,8,14,8,0
223,127746,694.5094,56,-305.4906,0.0,0.0,0.05,0,0.0,True,30.54906,-1.1168844,-34.70014958828688,109,58,570,0
224,128237,987.82825,120,-12.171753,0.0,0.0,0.05,0,0.0,True,1.2171752,-0.047206383,-45.80742186782876,2,54,778,0
225,128756,992.7979,32,-7.2020874,0.0,0.0,0.05,0,0.0,True,0.72020876,-0.02953478,-29.01522571593523,35,50,533,0
226,129316,933.277,35,-66.72302,0.0,0.0,0.05,0,0.0,True,6.672302,-0.16816562,-25.689352944493294,13,93,863,0
227,129829,965.0073,17,-34.992676,0.0,0.0,0.05,0,0.0,True,3.4992676,-0.07712005,-21.431207567453384,45,59,454,1
228,130365,977.81104,164,-22.188965,0.0,0.0,0.05,0,0.0,True,2.2188966,-0.7041624,-53.80793929845095,3,108,1239,0
229,130934,1072.64,112,72.640015,0.0,0.0,0.05,0,0.0,True,-7.264002,-0.10340364,-67.53095602639647,0,41,3,0
230,131468,865.84045,44,-134.15955,0.0,0.0,0.05,0,0.0,True,13.415955,-0.3989824,-30.934213295578957,12,94,1281,0
231,132017,1013.9554,16,13.955383,0.0,0.0,0.05,0,0.0,True,-1.3955383,-0.024193086,-26.596115849912167,32,68,810,0
232,132530,691.51025,62,-308.48975,0.0,0.0,0.05,0,0.0,True,30.848974,-0.40929508,-48.7353262228433,110,135,1123,0
233,133081,936.0611825769137,9,-63.938817423086334,0.0,0.0,0.05,0,0.0,True,6.393881742308634,-0.16998861671576254,-15.993460721483132,50,67,1688,1
234,133635,1039.4364,67,39.4364,0.0,0.0,0.05,0,0.0,True,-3.94364,-0.061003245,-37.50619927793741,15,204,243,0
235,134237,920.952,81,-79.04797,0.0,0.0,0.05,0,0.0,True,7.904797,-0.3064084,-33.03807693638707,13,132,3188,0
236,134775,924.5172,47,-75.48279,0.0,0.0,0.05,0,0.0,True,7.548279,-0.18227437,-30.357366301119328,38,193,1199,0
237,135287,1004.46204,20,4.462036,0.0,0.0,0.05,0,0.0,True,-0.44620362,-0.045144454,-27.40985305767554,102,158,1057,0
238,135310,1000.0,0,0.0,0.0,0.0,0.05,1,-0.5,False,0.0,0.0,0.0,0,0,0,23
239,135834,1032.2872,102,32.28723,0.0,0.0,0.05,0,0.0,True,-3.2287233,-0.05865802,-35.31515104577865,8,116,8,0
240,136371,985.3423,13,-14.657715,0.0,0.0,0.05,0,0.0,True,1.4657714,-0.042069137,-18.892530009150505,40,103,1376,1
241,137025,975.61035,190,-24.389648,0.0,0.0,0.05,0,0.0,True,2.4389648,-0.14968961,-61.99034652643093,4,61,406,1
242,137524,965.31793,33,-34.682068,0.0,0.0,0.05,0,0.0,True,3.468207,-0.043789174,-22.738527365028858,21,122,290,1
243,138042,1031.9922,36,31.992188,0.0,0.0,0.05,0,0.0,True,-3.1992185,-0.031326007,-25.597068823873997,5,31,41,0
244,138596,1000.9561,15,0.9561157,0.0,0.0,0.05,0,0.0,True,-0.09561157,-0.05061141,-24.985310783946225,43,84,1213,0
245,139135,919.062,43,-80.93799,0.0,0.0,0.05,0,0.0,True,8.093799,-0.5806032,-33.59532383084297,28,104,1646,0
246,139679,951.2886,36,-48.711426,0.0,0.0,0.05,0,0.0,True,4.871143,-0.45363444,-19.86156125230838,10,58,6429,1
247,140186,974.54486,24,-25.45514,0.0,0.0,0.05,0,0.0,True,2.5455139,-0.101224296,-19.514985902183888,31,124,1659,1
248,140725,1012.07886,141,12.078857,0.0,0.0,0.05,0,0.0,True,-1.2078857,-0.14916588,-63.90962167563711,10,94,66,0
249,141248,1011.6851,21,11.68512,0.0,0.0,0.05,0,0.0,True,-1.168512,-0.023146551,-24.751213535666466,37,28,927,0
250,141785,976.03625,72,-23.963745,0.0,0.0,0.05,0,0.0,True,2.3963745,-0.03983171,-42.05169018357992,20,22,218,0
251,142323,969.9678478298252,8,-30.032152170174754,0.0,0.0,0.05,0,0.0,True,3.0032152170174755,-0.019544810914833025,-16.19990623873326,14,95,2947,1
252,142864,992.21576,94,-7.7842407,0.0,0.0,0.05,0,0.0,True,0.7784241,-0.92653006,-54.84668831527233,26,129,2551,0
253,143413,1012.4675,58,12.467529,0.0,0.0,0.05,0,0.0,True,-1.246753,-0.05845741,-31.85264854133129,11,6,485,1
254,143940,982.7742,16,-17.22583,0.0,0.0,0.05,0,0.0,True,1.7225829,-0.04700889,-16.16866345703602,51,87,4399,1
255,144332,994.2151,16,-5.784912,0.0,0.0,0.05,0,0.0,True,0.5784912,-0.022994574,-15.693416744470596,13,78,68,1
256,144355,1000.0,0,0.0,0.0,0.0,0.05,1,-0.5,False,0.0,0.0,0.0,0,0,0,23
257,144881,1002.99963,16,2.9996338,0.0,0.0,0.05,0,0.0,True,-0.29996338,-0.01260424,-16.609804444015026,14,63,34,1
258,145468,998.3286,10,-1.6713867,0.0,0.0,0.05,0,0.0,True,0.16713868,-0.0061081266,-14.435678616166115,13,30,106,1
259,145980,1021.637,25,21.637024,0.0,0.0,0.05,0,0.0,True,-2.1637025,-0.056871183,-22.743137910962105,14,16,149,1
260,146492,1010.2977,12,10.2977295,0.0,0.0,0.05,0,0.0,True,-1.029773,-0.012419865,-16.223702140152454,2,78,0,0
261,147051,894.0211,18,-105.97888,0.0,0.0,0.05,0,0.0,True,10.597888,-0.4125212,-24.76903945207596,11,98,1474,1
262,147725,957.11304,96,-42.886963,0.0,0.0,0.05,0,0.0,True,4.2886963,-0.16475499,-42.094168335199356,8,176,61,1
263,148233,1000.870147501202,12,0.870147501202041,0.0,0.0,0.05,0,0.0,True,-0.0870147501202041,-0.011723466256531347,-24.889967719260593,69,85,671,1
264,148741,1000.0,150,0.0,0.0,0.0,0.05,0,0.0,True,0.0,-1.7531748,-70.27960876375437,69,124,3684,1
265,149257,972.29596,20,-27.70404,0.0,0.0,0.05,0,0.0,True,2.770404,-0.08677403,-29.28789250579674,53,128,976,1
266,149804,959.77094,12,-40.229065,0.0,0.0,0.05,0,0.0,True,4.0229063,-0.08497557,-18.166799767463562,17,83,1186,0
267,150392,1002.5035,15,2.503479,0.0,0.0,0.05,0,0.0,True,-0.25034788,-0.09484866,-34.46962429658433,248,95,565,0
268,150965,982.642,8,-17.357971,0.0,0.0,0.05,0,0.0,True,1.7357972,-0.021709245,-16.152893535792828,7,27,11,0
269,151529,926.0194,55,-73.98059,0.0,0.0,0.05,0,0.0,True,7.3980594,-0.6983911,-34.57666086405516,13,55,908,0
270,152048,996.9535,15,-3.0465088,0.0,0.0,0.05,0,0.0,True,0.3046509,-0.023564355,-21.442305369962742,209,51,673,1
271,152568,992.6445,9,-7.35553,0.0,0.0,0.05,0,0.0,True,0.73555297,-0.05890929,-17.092820667571953,253,60,1019,0
272,153274,999.5726,18,-0.4274292,0.0,0.0,0.05,0,0.0,True,0.04274292,-0.018925097,-29.61406650978628,136,68,940,1
273,153840,892.3744176651234,17,-107.62558233487664,0.0,0.0,0.05,0,0.0,True,10.762558233487663,-0.09794001494218445,-41.19882687367956,769,98,231,0
274,154418,1001.4724224432483,12,1.4724224432483197,0.0,0.0,0.05,0,0.0,True,-0.14724224432483196,-0.013066026987465574,-16.78857439965128,30,97,469,0
275,154926,926.1088,123,-73.891174,0.0,0.0,0.05,0,0.0,True,7.3891177,-0.3196509,-53.80600191652775,7,53,709,0
276,155434,918.6591,62,-81.34088,0.0,0.0,0.05,0,0.0,True,8.134088,-0.34958565,-29.100128583610058,20,70,3874,1
277,155973,1000.9475,10,0.94750977,0.0,0.0,0.05,0,0.0,True,-0.09475098,-0.04266106,-12.798258028924465,7,152,296,0
278,156500,971.5495,7,-28.4505,0.0,0.0,0.05,0,0.0,True,2.84505,-0.019004028,-14.142345793966811,29,26,5243,1
279,157041,824.43945,116,-175.56055,0.0,0.0,0.05,0,0.0,True,17.556055,-1.1971021,-68.62147471175004,20,112,2392,0
280,157570,856.713,138,-143.28699,0.0,0.0,0.05,0,0.0,True,14.328699,-0.42238197,-76.62037306652047,40,75,465,0
281,158128,872.4306,98,-127.5694,0.0,0.0,0.05,0,0.0,True,12.756939,-0.15452088,-90.81284160912037,35,4,776,0
282,158695,1021.75134,32,21.751343,0.0,0.0,0.05,0,0.0,True,-2.1751342,-0.047895197,-23.17596234381199,11,121,382,0
283,159214,959.8299996045255,11,-40.17000039547452,0.0,0.0,0.05,0,0.0,True,4.017000039547452,-0.15561685445844073,-24.741624632541207,94,290,1238,1
284,159605,984.7199,15,-15.28009,0.0,0.0,0.05,0,0.0,True,1.528009,-0.025192594,-33.66169701013171,93,121,306,1
285,160112,1000.0,15,0.0,0.0,0.0,0.05,0,0.0,True,0.0,-0.047881044,-19.815666714689815,17,176,2575,1
286,160623,1006.7514965978814,10,6.751496597881442,0.0,0.0,0.05,0,0.0,True,-0.6751496597881441,-0.012946616517118953,-13.106345546171324,15,75,17,1
287,160700,989.3647,40,-10.635315,0.0,0.0,0.05,0,0.0,True,1.0635314,-0.04992054,-22.360793262720108,7,15,0,0
288,161212,970.8533,67,-29.146729,0.0,0.0,0.05,0,0.0,True,2.9146729,-0.18412909,-29.558023877441883,16,61,580,1
289,161882,1000.37177,14,0.37176514,0.0,0.0,0.05,0,0.0,True,-0.037176516,-0.0076426696,-19.880036555230618,25,75,1037,0
290,162427,747.9213,49,-252.07867,0.0,0.0,0.05,0,0.0,True,25.207869,-1.1503386,-34.901820205152035,27,102,1335,0
291,162947,976.20483,21,-23.795166,0.0,0.0,0.05,0,0.0,True,2.3795166,-0.18640861,-23.746758706104323,77,79,2302,0
292,163455,942.0686,60,-57.931396,0.0,0.0,0.05,0,0.0,True,5.79314,-0.20593968,-34.119644075632095,15,99,1930,0
293,164010,1202.5323,115,202.53235,0.0,0.0,0.05,0,0.0,True,-20.253235,-0.14478773,-95.29316375734695,46,37,1742,0
294,164571,976.5915410652378,14,-23.408458934762166,0.0,0.0,0.05,0,0.0,True,2.340845893476217,-0.031134026011424495,-25.297223421617055,145,104,1520,0
295,165077,895.3268,15,-104.67322,0.0,0.0,0.05,0,0.0,True,10.467321,-0.64090717,-19.581850066781044,31,37,2712,1
296,165597,984.0346405470095,12,-15.96535945299047,0.0,0.0,0.05,0,0.0,True,1.596535945299047,-0.023073826677613433,-20.867829395226785,23,68,144,0
297,166124,1044.6167,14,44.6167,0.0,0.0,0.05,0,0.0,True,-4.46167,-0.0717459,-16.375533774495125,473,217,2174,0
298,166695,997.51337,13,-2.4866333,0.0,0.0,0.05,0,0.0,True,0.24866334,-0.022124257,-26.430374956150157,158,47,1744,1
299,167231,1024.0366454416514,12,24.036645441651444,0.0,0.0,0.05,0,0.0,True,-2.4036645441651445,-0.153883518196152,-16.51404776363339,28,51,1422,0
300,167783,816.9852,69,-183.01477,0.0,0.0,0.05,0,0.0,True,18.301477,-0.33813095,-40.091938719153404,23,213,641,1
301,168314,1000.0,15,0.0,0.0,0.0,0.05,0,0.0,True,0.0,-1.0847738,-23.223543644566778,40,143,2076,0
302,168824,1005.4783,56,5.4782715,0.0,0.0,0.05,0,0.0,True,-0.5478271,-0.103223905,-30.627488419413567,11,134,1105,1
303,169335,906.6705,69,-93.32953,0.0,0.0,0.05,0,0.0,True,9.3329525,-0.5263551,-54.68728242814541,112,89,160,1
304,169889,862.846,77,-137.15399,0.0,0.0,0.05,0,0.0,True,13.7154,-0.51580644,-54.23450591415167,364,105,2027,0
305,170435,949.34784,70,-50.65216,0.0,0.0,0.05,0,0.0,True,5.065216,-0.16884495,-43.00783655047417,39,75,852,1
306,170971,968.44696,20,-31.55304,0.0,0.0,0.05,0,0.0,True,3.1553042,-0.13050222,-35.79079835408819,105,59,463,1
307,171460,895.374,19,-104.62598,0.0,0.0,0.05,0,0.0,True,10.462598,-0.049605094,-20.113430701196194,18,138,185,0
308,171860,745.3617,104,-254.6383,0.0,0.0,0.05,0,0.0,True,25.46383,-1.784499,-65.454848951491,54,68,961,1
309,172433,813.68616,113,-186.31384,0.0,0.0,0.05,0,0.0,True,18.631384,-0.23873247,-71.1284498946476,33,115,1062,0
310,172989,978.31134,25,-21.68866,0.0,0.0,0.05,0,0.0,True,2.168866,-0.034653343,-24.414464409853004,15,20,129,1
311,173540,964.4513978640908,1,-35.548602135909164,0.0,0.0,0.05,0,0.0,True,3.5548602135909166,-0.013398650995302174,-10.050378152592112,2651,72,96,0
312,174068,921.8153,71,-78.18469,0.0,0.0,0.05,0,0.0,True,7.8184695,-0.2290542,-59.22558111371643,54,115,1629,0
313,174578,840.5337,106,-159.46631,0.0,0.0,0.05,0,0.0,True,15.946631,-2.2393465,-46.20533115416765,7,0,4568,1
314,176229,970.04266,86,-29.957336,0.0,0.0,0.05,0,0.0,True,2.9957337,-0.2626543,-70.92249607294798,513,172,10380,1
315,176817,996.4887,42,-3.5112915,0.0,0.0,0.05,0,0.0,True,0.35112914,-0.11708839,-34.76577791785587,33,123,1099,0
316,177398,779.39355,84,-220.60645,0.0,0.0,0.05,0,0.0,True,22.060644,-0.61502725,-77.66300889226729,190,94,1924,0
317,177964,974.4191834988131,8,-25.58081650118686,0.0,0.0,0.05,0,0.0,True,2.558081650118686,-0.026929034,-14.080400300230455,9,181,969,0
318,178468,991.7921,11,-8.207886,0.0,0.0,0.05,0,0.0,True,0.82078856,-0.03359211,-20.132358583740892,21,48,357,1
319,179027,1012.31976,24,12.319763,0.0,0.0,0.05,0,0.0,True,-1.2319763,-0.05581505,-28.03579604625702,32,131,1447,0
320,179581,1022.58514,21,22.585144,0.0,0.0,0.05,0,0.0,True,-2.2585144,-0.032999143,-19.097820803523064,8,211,230,0
321,180117,980.23145,22,-19.768555,0.0,0.0,0.05,0,0.0,True,1.9768555,-0.085103616,-32.06690199673176,238,85,1405,0
322,180642,833.4277,84,-166.57233,0.0,0.0,0.05,0,0.0,True,16.657234,-1.9717135,-41.127991676330566,94,131,2748,1
323,180679,992.2611,33,-7.7388916,0.0,0.0,0.05,0,0.0,True,0.7738891,-0.029551359,-7.455332905054092,26,10,0,1
324,181222,990.93933,56,-9.060669,0.0,0.0,0.05,0,0.0,True,0.9060669,-0.05924567,-29.885495774447918,30,108,297,0
325,181223,1000.0,0,0.0,0.0,0.0,0.05,1,-0.5,False,0.0,0.0,0.0,0,0,0,0
326,181796,914.8399379641987,11,-85.16006203580127,0.0,0.0,0.05,0,0.0,True,8.516006203580128,-0.15116325533087804,-19.964883915348818,15,123,2034,1
327,182370,971.6939,36,-28.306091,0.0,0.0,0.05,0,0.0,True,2.830609,-1.259841,-69.7577139780569,262,74,96,0
328,182883,1011.6228,34,11.622803,0.0,0.0,0.05,0,0.0,True,-1.1622802,-0.03882584,-18.869535103440285,11,30,203,1
329,183126,1011.0796,13,11.07959,0.0,0.0,0.05,0,0.0,True,-1.107959,-0.026700862,-18.28987865895033,8,11,89,1
330,183860,1000.91895,14,0.9189453,0.0,0.0,0.05,0,0.0,True,-0.09189453,-0.01380355,-22.08609250737147,44,118,1035,0
331,184564,1000.0,39,0.0,0.0,0.0,0.05,0,0.0,True,0.0,-0.5347756,-26.055540857368452,14,87,4238,1
332,185089,988.13214,9,-11.867859,0.0,0.0,0.05,0,0.0,True,1.1867858,-0.04006078,-15.88405442068237,348,121,902,0
333,185569,997.619781359016,9,-2.380218640984026,0.0,0.0,0.05,0,0.0,True,0.23802186409840262,-0.009075368561992111,-22.36676970415097,459,129,1581,1
334,186098,954.0342,38,-45.96582,0.0,0.0,0.05,0,0.0,True,4.596582,-0.2974731,-30.9360810816288,12,74,982,0
335,186232,990.3247,28,-9.675293,0.0,0.0,0.05,0,0.0,True,0.9675293,-0.020112608,-27.832326263189316,32,12,286,1
336,186760,1012.4647,71,12.464722,0.0,0.0,0.05,0,0.0,True,-1.2464721,-0.03847365,-40.52711792290211,180,51,186,1
337,187238,1000.0,14,0.0,0.0,0.0,0.05,0,0.0,True,0.0,-0.10241695129958579,-29.33192969703266,160,91,1214,0
338,187750,954.6685157719755,7,-45.331484228024465,0.0,0.0,0.05,0,0.0,True,4.533148422802446,-0.12214339151480638,-16.327913471131303,35,20,5051,1
339,188319,1000.2132,15,0.2131958,0.0,0.0,0.05,0,0.0,True,-0.02131958,-0.01738468,-16.78326853304118,511,170,203,0
340,188729,985.1343,24,-14.865723,0.0,0.0,0.05,0,0.0,True,1.4865723,-0.08188736,-29.18687677383423,42,3,623,1
341,188999,988.4258,114,-11.574219,0.0,0.0,0.05,0,0.0,True,1.157422,-0.2116797,-49.18331485402821,18,25,1447,1
342,189538,971.6788,129,-28.321228,0.0,0.0,0.05,0,0.0,True,2.8321228,-0.057819825,-52.67829426596645,10,151,0,1
343,190118,977.3815,32,-22.61853,0.0,0.0,0.05,0,0.0,True,2.261853,-0.18778014,-29.261970564723015,18,80,742,1
344,190616,993.4059,12,-6.594116,0.0,0.0,0.05,0,0.0,True,0.6594116,-0.020504382,-25.047643414813123,65,19,195,0
345,191135,1008.82935,12,8.829346,0.0,0.0,0.05,0,0.0,True,-0.8829346,-0.022108976,-19.388027939694542,73,20,212,1
346,191182,990.35266,15,-9.647339,0.0,0.0,0.05,0,0.0,True,0.96473384,-0.034692287,-7.576688058045594,8,1,0,1
347,191714,963.92365,12,-36.076355,0.0,0.0,0.05,0,0.0,True,3.6076355,-0.060163118,-14.04229886084795,259,52,1535,0
348,194947,885.5253,17,-114.47467,0.0,0.0,0.05,0,0.0,True,11.447467,-0.86670536,-42.50491831484683,1331,61,11593,0
349,195486,943.1046,63,-56.895386,0.0,0.0,0.05,0,0.0,True,5.6895385,-0.08890611,-45.148140842342414,20,89,64,0
350,196030,998.50385,16,-1.4961548,0.0,0.0,0.05,0,0.0,True,0.14961548,-0.034374353,-33.51495988245331,803,65,796,1
351,196549,899.7891,55,-100.21088,0.0,0.0,0.05,0,0.0,True,10.021088,-0.17740935,-58.01147875189781,132,30,711,0
352,197134,1006.1226653338392,12,6.1226653338392225,0.0,0.0,0.05,0,0.0,True,-0.6122665333839222,-0.014848281323650495,-27.46510463216341,51,89,116,0
353,199180,971.4587373644042,12,-28.541262635595785,0.0,0.0,0.05,0,0.0,True,2.8541262635595785,-0.26380268558552816,-34.27537819847462,175,162,5340,0
354,199711,956.3534,2,-43.646606,0.0,0.0,0.05,0,0.0,True,4.3646607,-0.14175628,-0.22416499161981124,1513,21,0,0
